ticker,source,rows,first_date,last_date,expected_days,missing_days,coverage,max_internal_gap,n_dupe_dates,n_nan_close,n_nan_ohlcv,n_nonpos_price,n_ohlc_violation,n_zero_volume,n_halt_like,real_row_ratio,first_real_date,real_rows,max_abs_return,n_extreme_return,status,flags
A,yfinance,2516,2016-07-11,2026-07-14,2516,0,1.0,0,0,0,0,0,0,0,0,1.0,2016-07-11,2516,0.1687,0,clean,[]
AAPL,yfinance,2516,2016-07-11,2026-07-14,2516,0,1.0,0,0,0,0,0,0,0,0,1.0,2016-07-11,2516,0.1533,0,clean,[]
ABBV,yfinance,2516,2016-07-11,2026-07-14,2516,0,1.0,0,0,0,0,0,0,0,0,1.0,2016-07-11,2516,0.1625,0,clean,[]
ABNB,yfinance,1402,2020-12-10,2026-07-14,1402,0,1.0,0,0,0,0,0,0,0,0,1.0,2020-12-10,1402,0.1479,0,clean,[]
ACGL,yfinance,2516,2016-07-11,2026-07-14,2516,0,1.0,0,0,0,0,0,0,0,0,1.0,2016-07-11,2516,0.1688,0,clean,[]
ACN,yfinance,2516,2016-07-11,2026-07-14,2516,0,1.0,0,0,0,0,0,0,0,0,1.0,2016-07-11,2516,0.1797,0,clean,[]
ADBE,yfinance,2516,2016-07-11,2026-07-14,2516,0,1.0,0,0,0,0,0,0,0,0,1.0,2016-07-11,2516,0.1772,0,clean,[]
ADI,yfinance,2516,2016-07-11,2026-07-14,2516,0,1.0,0,0,0,0,0,0,0,0,1.0,2016-07-11,2516,0.1839,0,clean,[]
ADP,yfinance,2516,2016-07-11,2026-07-14,2516,0,1.0,0,0,0,0,0,0,0,0,1.0,2016-07-11,2516,0.1525,0,clean,[]
ADSK,yfinance,2516,2016-07-11,2026-07-14,2516,0,1.0,0,0,0,0,0,0,0,0,1.0,2016-07-11,2516,0.162,0,clean,[]
AEE,yfinance,2516,2016-07-11,2026-07-14,2516,0,1.0,0,0,0,0,0,0,0,0,1.0,2016-07-11,2516,0.178,0,clean,[]
AEP,yfinance,2516,2016-07-11,2026-07-14,2516,0,1.0,0,0,0,0,0,0,0,0,1.0,2016-07-11,2516,0.1168,0,clean,[]
AES,yfinance,2516,2016-07-11,2026-07-14,2516,0,1.0,0,0,0,0,0,0,0,0,1.0,2016-07-11,2516,0.1978,0,clean,[]
AJG,yfinance,2516,2016-07-11,2026-07-14,2516,0,1.0,0,0,0,0,0,0,0,0,1.0,2016-07-11,2516,0.1524,0,clean,[]
ALB,yfinance,2516,2016-07-11,2026-07-14,2516,0,1.0,0,0,0,0,0,0,0,0,1.0,2016-07-11,2516,0.1991,0,clean,[]
ALL,yfinance,2516,2016-07-11,2026-07-14,2516,0,1.0,0,0,0,0,0,0,0,0,1.0,2016-07-11,2516,0.1409,0,clean,[]
ALLE,yfinance,2516,2016-07-11,2026-07-14,2516,0,1.0,0,0,0,0,0,0,0,0,1.0,2016-07-11,2516,0.1261,0,clean,[]
AME,yfinance,2516,2016-07-11,2026-07-14,2516,0,1.0,0,0,0,0,0,0,0,0,1.0,2016-07-11,2516,0.1672,0,clean,[]
AMGN,yfinance,2516,2016-07-11,2026-07-14,2516,0,1.0,0,0,0,0,0,0,0,0,1.0,2016-07-11,2516,0.1182,0,clean,[]
AMT,yfinance,2516,2016-07-11,2026-07-14,2516,0,1.0,0,0,0,0,0,0,0,0,1.0,2016-07-11,2516,0.1516,0,clean,[]
AMZN,yfinance,2516,2016-07-11,2026-07-14,2516,0,1.0,0,0,0,0,0,0,0,0,1.0,2016-07-11,2516,0.1405,0,clean,[]
AON,yfinance,2516,2016-07-11,2026-07-14,2516,0,1.0,0,0,0,0,0,0,0,0,1.0,2016-07-11,2516,0.167,0,clean,[]
AOS,yfinance,2516,2016-07-11,2026-07-14,2516,0,1.0,0,0,0,0,0,0,0,0,1.0,2016-07-11,2516,0.1367,0,clean,[]
APD,yfinance,2516,2016-07-11,2026-07-14,2516,0,1.0,0,0,0,0,0,0,0,0,1.0,2016-07-11,2516,0.1555,0,clean,[]
APH,yfinance,2516,2016-07-11,2026-07-14,2516,0,1.0,0,0,0,0,0,0,0,0,1.0,2016-07-11,2516,0.1415,0,clean,[]
ARE,yfinance,2516,2016-07-11,2026-07-14,2516,0,1.0,0,0,0,0,0,0,0,0,1.0,2016-07-11,2516,0.1917,0,clean,[]
ATO,yfinance,2516,2016-07-11,2026-07-14,2516,0,1.0,0,0,0,0,0,0,0,0,1.0,2016-07-11,2516,0.1538,0,clean,[]
AVB,yfinance,2516,2016-07-11,2026-07-14,2516,0,1.0,0,0,0,0,0,0,0,0,1.0,2016-07-11,2516,0.1537,0,clean,[]
AWK,yfinance,2516,2016-07-11,2026-07-14,2516,0,1.0,0,0,0,0,0,0,0,0,1.0,2016-07-11,2516,0.1657,0,clean,[]
AZO,yfinance,2516,2016-07-11,2026-07-14,2516,0,1.0,0,0,0,0,0,0,0,0,1.0,2016-07-11,2516,0.1594,0,clean,[]
BAC,yfinance,2516,2016-07-11,2026-07-14,2516,0,1.0,0,0,0,0,0,0,0,0,1.0,2016-07-11,2516,0.178,0,clean,[]
BEN,yfinance,2516,2016-07-11,2026-07-14,2516,0,1.0,0,0,0,0,0,0,0,0,1.0,2016-07-11,2516,0.1362,0,clean,[]
BKNG,yfinance,2516,2016-07-11,2026-07-14,2516,0,1.0,0,0,0,0,0,0,0,0,1.0,2016-07-11,2516,0.1875,0,clean,[]
BLK,yfinance,2516,2016-07-11,2026-07-14,2516,0,1.0,0,0,0,0,0,0,0,0,1.0,2016-07-11,2516,0.1365,0,clean,[]
BMY,yfinance,2516,2016-07-11,2026-07-14,2516,0,1.0,0,0,0,0,0,0,0,0,1.0,2016-07-11,2516,0.1599,0,clean,[]
BNY,yfinance,2516,2016-07-11,2026-07-14,2516,0,1.0,0,0,0,0,0,0,0,0,1.0,2016-07-11,2516,0.1562,0,clean,[]
BR,yfinance,2516,2016-07-11,2026-07-14,2516,0,1.0,0,0,0,0,0,0,0,0,1.0,2016-07-11,2516,0.1254,0,clean,[]
BRK-B,yfinance,2516,2016-07-11,2026-07-14,2516,0,1.0,0,0,0,0,0,0,0,0,1.0,2016-07-11,2516,0.1161,0,clean,[]
BRO,yfinance,2516,2016-07-11,2026-07-14,2516,0,1.0,0,0,0,0,0,0,0,0,1.0,2016-07-11,2516,0.1265,0,clean,[]
BX,yfinance,2516,2016-07-11,2026-07-14,2516,0,1.0,0,0,0,0,0,0,0,0,1.0,2016-07-11,2516,0.1663,0,clean,[]
C,yfinance,2516,2016-07-11,2026-07-14,2516,0,1.0,0,0,0,0,0,0,0,0,1.0,2016-07-11,2516,0.193,0,clean,[]
CAT,yfinance,2516,2016-07-11,2026-07-14,2516,0,1.0,0,0,0,0,0,0,0,0,1.0,2016-07-11,2516,0.1428,0,clean,[]
CB,yfinance,2516,2016-07-11,2026-07-14,2516,0,1.0,0,0,0,0,0,0,0,0,1.0,2016-07-11,2516,0.1677,0,clean,[]
CBOE,yfinance,2516,2016-07-11,2026-07-14,2516,0,1.0,0,0,0,0,0,0,0,0,1.0,2016-07-11,2516,0.1433,0,clean,[]
CBRE,yfinance,2516,2016-07-11,2026-07-14,2516,0,1.0,0,0,0,0,0,0,0,0,1.0,2016-07-11,2516,0.1721,0,clean,[]
CDNS,yfinance,2516,2016-07-11,2026-07-14,2516,0,1.0,0,0,0,0,0,0,0,0,1.0,2016-07-11,2516,0.1537,0,clean,[]
CF,yfinance,2516,2016-07-11,2026-07-14,2516,0,1.0,0,0,0,0,0,0,0,0,1.0,2016-07-11,2516,0.1624,0,clean,[]
CHRW,yfinance,2516,2016-07-11,2026-07-14,2516,0,1.0,0,0,0,0,0,0,0,0,1.0,2016-07-11,2516,0.1971,0,clean,[]
CI,yfinance,2516,2016-07-11,2026-07-14,2516,0,1.0,0,0,0,0,0,0,0,0,1.0,2016-07-11,2516,0.1739,0,clean,[]
CINF,yfinance,2516,2016-07-11,2026-07-14,2516,0,1.0,0,0,0,0,0,0,0,0,1.0,2016-07-11,2516,0.1683,0,clean,[]
CL,yfinance,2516,2016-07-11,2026-07-14,2516,0,1.0,0,0,0,0,0,0,0,0,1.0,2016-07-11,2516,0.1261,0,clean,[]
CLX,yfinance,2516,2016-07-11,2026-07-14,2516,0,1.0,0,0,0,0,0,0,0,0,1.0,2016-07-11,2516,0.1447,0,clean,[]
CMCSA,yfinance,2516,2016-07-11,2026-07-14,2516,0,1.0,0,0,0,0,0,0,0,0,1.0,2016-07-11,2516,0.129,0,clean,[]
CME,yfinance,2516,2016-07-11,2026-07-14,2516,0,1.0,0,0,0,0,0,0,0,0,1.0,2016-07-11,2516,0.1839,0,clean,[]
CMS,yfinance,2516,2016-07-11,2026-07-14,2516,0,1.0,0,0,0,0,0,0,0,0,1.0,2016-07-11,2516,0.1382,0,clean,[]
CNP,yfinance,2516,2016-07-11,2026-07-14,2516,0,1.0,0,0,0,0,0,0,0,0,1.0,2016-07-11,2516,0.1974,0,clean,[]
COO,yfinance,2516,2016-07-11,2026-07-14,2516,0,1.0,0,0,0,0,0,0,0,0,1.0,2016-07-11,2516,0.1461,0,clean,[]
COR,yfinance,2516,2016-07-11,2026-07-14,2516,0,1.0,0,0,0,0,0,0,0,0,1.0,2016-07-11,2516,0.1738,0,clean,[]
COST,yfinance,2516,2016-07-11,2026-07-14,2516,0,1.0,0,0,0,0,0,0,0,0,1.0,2016-07-11,2516,0.1245,0,clean,[]
CPAY,yfinance,2516,2016-07-11,2026-07-14,2516,0,1.0,0,0,0,0,0,0,0,0,1.0,2016-07-11,2516,0.1595,0,clean,[]
CPRT,yfinance,2516,2016-07-11,2026-07-14,2516,0,1.0,0,0,0,0,0,0,0,0,1.0,2016-07-11,2516,0.1735,0,clean,[]
CPT,yfinance,2516,2016-07-11,2026-07-14,2516,0,1.0,0,0,0,0,0,0,0,0,1.0,2016-07-11,2516,0.1789,0,clean,[]
CRH,yfinance,2516,2016-07-11,2026-07-14,2516,0,1.0,0,0,0,0,0,0,0,0,1.0,2016-07-11,2516,0.1796,0,clean,[]
CRWD,yfinance,1781,2019-06-12,2026-07-14,1781,0,1.0,0,0,0,0,0,0,0,0,1.0,2019-06-12,1781,0.1742,0,clean,[]
CSCO,yfinance,2516,2016-07-11,2026-07-14,2516,0,1.0,0,0,0,0,0,0,0,0,1.0,2016-07-11,2516,0.1373,0,clean,[]
CSGP,yfinance,2516,2016-07-11,2026-07-14,2516,0,1.0,0,0,0,0,0,0,0,0,1.0,2016-07-11,2516,0.1568,0,clean,[]
CTAS,yfinance,2516,2016-07-11,2026-07-14,2516,0,1.0,0,0,0,0,0,0,0,0,1.0,2016-07-11,2516,0.1686,0,clean,[]
CTSH,yfinance,2516,2016-07-11,2026-07-14,2516,0,1.0,0,0,0,0,0,0,0,0,1.0,2016-07-11,2516,0.1718,0,clean,[]
CTVA,yfinance,1793,2019-05-24,2026-07-14,1793,0,1.0,0,0,0,0,0,0,0,0,1.0,2019-05-24,1793,0.1887,0,clean,[]
CVS,yfinance,2516,2016-07-11,2026-07-14,2516,0,1.0,0,0,0,0,0,0,0,0,1.0,2016-07-11,2516,0.1684,0,clean,[]
D,yfinance,2516,2016-07-11,2026-07-14,2516,0,1.0,0,0,0,0,0,0,0,0,1.0,2016-07-11,2516,0.1723,0,clean,[]
DD,yfinance,2516,2016-07-11,2026-07-14,2516,0,1.0,0,0,0,0,0,0,0,0,1.0,2016-07-11,2516,0.1782,0,clean,[]
DE,yfinance,2516,2016-07-11,2026-07-14,2516,0,1.0,0,0,0,0,0,0,0,0,1.0,2016-07-11,2516,0.1407,0,clean,[]
DGX,yfinance,2516,2016-07-11,2026-07-14,2516,0,1.0,0,0,0,0,0,0,0,0,1.0,2016-07-11,2516,0.1259,0,clean,[]
DHR,yfinance,2516,2016-07-11,2026-07-14,2516,0,1.0,0,0,0,0,0,0,0,0,1.0,2016-07-11,2516,0.0988,0,clean,[]
DIS,yfinance,2516,2016-07-11,2026-07-14,2516,0,1.0,0,0,0,0,0,0,0,0,1.0,2016-07-11,2516,0.1441,0,clean,[]
DLR,yfinance,2516,2016-07-11,2026-07-14,2516,0,1.0,0,0,0,0,0,0,0,0,1.0,2016-07-11,2516,0.1184,0,clean,[]
DOV,yfinance,2516,2016-07-11,2026-07-14,2516,0,1.0,0,0,0,0,0,0,0,0,1.0,2016-07-11,2516,0.1631,0,clean,[]
DTE,yfinance,2516,2016-07-11,2026-07-14,2516,0,1.0,0,0,0,0,0,0,0,0,1.0,2016-07-11,2516,0.1391,0,clean,[]
DUK,yfinance,2516,2016-07-11,2026-07-14,2516,0,1.0,0,0,0,0,0,0,0,0,1.0,2016-07-11,2516,0.123,0,clean,[]
EA,yfinance,2516,2016-07-11,2026-07-14,2516,0,1.0,0,0,0,0,0,0,0,0,1.0,2016-07-11,2516,0.167,0,clean,[]
EBAY,yfinance,2516,2016-07-11,2026-07-14,2516,0,1.0,0,0,0,0,0,0,0,0,1.0,2016-07-11,2516,0.183,0,clean,[]
ED,yfinance,2516,2016-07-11,2026-07-14,2516,0,1.0,0,0,0,0,0,0,0,0,1.0,2016-07-11,2516,0.1801,0,clean,[]
EFX,yfinance,2516,2016-07-11,2026-07-14,2516,0,1.0,0,0,0,0,0,0,0,0,1.0,2016-07-11,2516,0.1494,0,clean,[]
EG,yfinance,2516,2016-07-11,2026-07-14,2516,0,1.0,0,0,0,0,0,0,0,0,1.0,2016-07-11,2516,0.143,0,clean,[]
EIX,yfinance,2516,2016-07-11,2026-07-14,2516,0,1.0,0,0,0,0,0,0,0,0,1.0,2016-07-11,2516,0.1538,0,clean,[]
EME,yfinance,2516,2016-07-11,2026-07-14,2516,0,1.0,0,0,0,0,0,0,0,0,1.0,2016-07-11,2516,0.1912,0,clean,[]
EMR,yfinance,2516,2016-07-11,2026-07-14,2516,0,1.0,0,0,0,0,0,0,0,0,1.0,2016-07-11,2516,0.1896,0,clean,[]
EQIX,yfinance,2516,2016-07-11,2026-07-14,2516,0,1.0,0,0,0,0,0,0,0,0,1.0,2016-07-11,2516,0.1266,0,clean,[]
EQR,yfinance,2516,2016-07-11,2026-07-14,2516,0,1.0,0,0,0,0,0,0,0,0,1.0,2016-07-11,2516,0.1691,0,clean,[]
ERIE,yfinance,2516,2016-07-11,2026-07-14,2516,0,1.0,0,0,0,0,0,0,0,0,1.0,2016-07-11,2516,0.1802,0,clean,[]
ES,yfinance,2516,2016-07-11,2026-07-14,2516,0,1.0,0,0,0,0,0,0,0,0,1.0,2016-07-11,2516,0.148,0,clean,[]
ESS,yfinance,2516,2016-07-11,2026-07-14,2516,0,1.0,0,0,0,0,0,0,0,0,1.0,2016-07-11,2516,0.1888,0,clean,[]
ETR,yfinance,2516,2016-07-11,2026-07-14,2516,0,1.0,0,0,0,0,0,0,0,0,1.0,2016-07-11,2516,0.1573,0,clean,[]
EVRG,yfinance,2516,2016-07-11,2026-07-14,2516,0,1.0,0,0,0,0,0,0,0,0,1.0,2016-07-11,2516,0.1606,0,clean,[]
EXC,yfinance,2516,2016-07-11,2026-07-14,2516,0,1.0,0,0,0,0,0,0,0,0,1.0,2016-07-11,2516,0.1799,0,clean,[]
EXE,yfinance,1361,2021-02-10,2026-07-14,1361,0,1.0,0,0,0,0,0,0,0,0,1.0,2021-02-10,1361,0.0977,0,clean,[]
EXPD,yfinance,2516,2016-07-11,2026-07-14,2516,0,1.0,0,0,0,0,0,0,0,0,1.0,2016-07-11,2516,0.1318,0,clean,[]
EXR,yfinance,2516,2016-07-11,2026-07-14,2516,0,1.0,0,0,0,0,0,0,0,0,1.0,2016-07-11,2516,0.1547,0,clean,[]
FAST,yfinance,2516,2016-07-11,2026-07-14,2516,0,1.0,0,0,0,0,0,0,0,0,1.0,2016-07-11,2516,0.1715,0,clean,[]
FDS,yfinance,2516,2016-07-11,2026-07-14,2516,0,1.0,0,0,0,0,0,0,0,0,1.0,2016-07-11,2516,0.1512,0,clean,[]
FFIV,yfinance,2516,2016-07-11,2026-07-14,2516,0,1.0,0,0,0,0,0,0,0,0,1.0,2016-07-11,2516,0.1299,0,clean,[]
FOX,yfinance,1844,2019-03-13,2026-07-14,1844,0,1.0,0,0,0,0,0,0,0,0,1.0,2019-03-13,1844,0.1522,0,clean,[]
FOXA,yfinance,1845,2019-03-12,2026-07-14,1845,0,1.0,0,0,0,0,0,0,0,0,1.0,2019-03-12,1845,0.1684,0,clean,[]
FTV,yfinance,2516,2016-07-11,2026-07-14,2516,0,1.0,0,0,0,0,0,0,0,0,1.0,2016-07-11,2516,0.1883,0,clean,[]
GD,yfinance,2516,2016-07-11,2026-07-14,2516,0,1.0,0,0,0,0,0,0,0,0,1.0,2016-07-11,2516,0.1093,0,clean,[]
GDDY,yfinance,2516,2016-07-11,2026-07-14,2516,0,1.0,0,0,0,0,0,0,0,0,1.0,2016-07-11,2516,0.1916,0,clean,[]
GE,yfinance,2516,2016-07-11,2026-07-14,2516,0,1.0,0,0,0,0,0,0,0,0,1.0,2016-07-11,2516,0.1516,0,clean,[]
GEHC,yfinance,895,2022-12-15,2026-07-14,895,0,1.0,0,0,0,0,0,0,0,0,1.0,2022-12-15,895,0.1596,0,clean,[]
GILD,yfinance,2516,2016-07-11,2026-07-14,2516,0,1.0,0,0,0,0,0,0,0,0,1.0,2016-07-11,2516,0.1292,0,clean,[]
GIS,yfinance,2516,2016-07-11,2026-07-14,2516,0,1.0,0,0,0,0,0,0,0,0,1.0,2016-07-11,2516,0.1178,0,clean,[]
GLW,yfinance,2516,2016-07-11,2026-07-14,2516,0,1.0,0,0,0,0,0,0,0,0,1.0,2016-07-11,2516,0.164,0,clean,[]
GM,yfinance,2516,2016-07-11,2026-07-14,2516,0,1.0,0,0,0,0,0,0,0,0,1.0,2016-07-11,2516,0.1994,0,clean,[]
GOOG,yfinance,2516,2016-07-11,2026-07-14,2516,0,1.0,0,0,0,0,0,0,0,0,1.0,2016-07-11,2516,0.111,0,clean,[]
GOOGL,yfinance,2516,2016-07-11,2026-07-14,2516,0,1.0,0,0,0,0,0,0,0,0,1.0,2016-07-11,2516,0.1163,0,clean,[]
GS,yfinance,2516,2016-07-11,2026-07-14,2516,0,1.0,0,0,0,0,0,0,0,0,1.0,2016-07-11,2516,0.1758,0,clean,[]
GWW,yfinance,2516,2016-07-11,2026-07-14,2516,0,1.0,0,0,0,0,0,0,0,0,1.0,2016-07-11,2516,0.1853,0,clean,[]
HBAN,yfinance,2516,2016-07-11,2026-07-14,2516,0,1.0,0,0,0,0,0,0,0,0,1.0,2016-07-11,2516,0.1773,0,clean,[]
HD,yfinance,2516,2016-07-11,2026-07-14,2516,0,1.0,0,0,0,0,0,0,0,0,1.0,2016-07-11,2516,0.1979,0,clean,[]
HLT,yfinance,2516,2016-07-11,2026-07-14,2516,0,1.0,0,0,0,0,0,0,0,0,1.0,2016-07-11,2516,0.1405,0,clean,[]
HON,yfinance,2516,2016-07-11,2026-07-14,2516,0,1.0,0,0,0,0,0,0,0,0,1.0,2016-07-11,2516,0.1507,0,clean,[]
HPE,yfinance,2516,2016-07-11,2026-07-14,2516,0,1.0,0,0,0,0,0,0,0,0,1.0,2016-07-11,2516,0.1947,0,clean,[]
HPQ,yfinance,2516,2016-07-11,2026-07-14,2516,0,1.0,0,0,0,0,0,0,0,0,1.0,2016-07-11,2516,0.1727,0,clean,[]
HRL,yfinance,2516,2016-07-11,2026-07-14,2516,0,1.0,0,0,0,0,0,0,0,0,1.0,2016-07-11,2516,0.1456,0,clean,[]
HSIC,yfinance,2516,2016-07-11,2026-07-14,2516,0,1.0,0,0,0,0,0,0,0,0,1.0,2016-07-11,2516,0.1078,0,clean,[]
HSY,yfinance,2516,2016-07-11,2026-07-14,2516,0,1.0,0,0,0,0,0,0,0,0,1.0,2016-07-11,2516,0.1653,0,clean,[]
ICE,yfinance,2516,2016-07-11,2026-07-14,2516,0,1.0,0,0,0,0,0,0,0,0,1.0,2016-07-11,2516,0.1229,0,clean,[]
IEX,yfinance,2516,2016-07-11,2026-07-14,2516,0,1.0,0,0,0,0,0,0,0,0,1.0,2016-07-11,2516,0.1158,0,clean,[]
IFF,yfinance,2516,2016-07-11,2026-07-14,2516,0,1.0,0,0,0,0,0,0,0,0,1.0,2016-07-11,2516,0.1937,0,clean,[]
IP,yfinance,2516,2016-07-11,2026-07-14,2516,0,1.0,0,0,0,0,0,0,0,0,1.0,2016-07-11,2516,0.1684,0,clean,[]
IQV,yfinance,2516,2016-07-11,2026-07-14,2516,0,1.0,0,0,0,0,0,0,0,0,1.0,2016-07-11,2516,0.1788,0,clean,[]
IR,yfinance,2304,2017-05-12,2026-07-14,2304,0,1.0,0,0,0,0,0,0,0,0,1.0,2017-05-12,2304,0.1605,0,clean,[]
IRM,yfinance,2516,2016-07-11,2026-07-14,2516,0,1.0,0,0,0,0,0,0,0,0,1.0,2016-07-11,2516,0.1504,0,clean,[]
ISRG,yfinance,2516,2016-07-11,2026-07-14,2516,0,1.0,0,0,0,0,0,0,0,0,1.0,2016-07-11,2516,0.1744,0,clean,[]
ITW,yfinance,2516,2016-07-11,2026-07-14,2516,0,1.0,0,0,0,0,0,0,0,0,1.0,2016-07-11,2516,0.1661,0,clean,[]
J,yfinance,2516,2016-07-11,2026-07-14,2516,0,1.0,0,0,0,0,0,0,0,0,1.0,2016-07-11,2516,0.121,0,clean,[]
JBL,yfinance,2516,2016-07-11,2026-07-14,2516,0,1.0,0,0,0,0,0,0,0,0,1.0,2016-07-11,2516,0.188,0,clean,[]
JCI,yfinance,2516,2016-07-11,2026-07-14,2516,0,1.0,0,0,0,0,0,0,0,0,1.0,2016-07-11,2516,0.1332,0,clean,[]
JKHY,yfinance,2516,2016-07-11,2026-07-14,2516,0,1.0,0,0,0,0,0,0,0,0,1.0,2016-07-11,2516,0.1287,0,clean,[]
JNJ,yfinance,2516,2016-07-11,2026-07-14,2516,0,1.0,0,0,0,0,0,0,0,0,1.0,2016-07-11,2516,0.1004,0,clean,[]
JPM,yfinance,2516,2016-07-11,2026-07-14,2516,0,1.0,0,0,0,0,0,0,0,0,1.0,2016-07-11,2516,0.1801,0,clean,[]
KKR,yfinance,2516,2016-07-11,2026-07-14,2516,0,1.0,0,0,0,0,0,0,0,0,1.0,2016-07-11,2516,0.1805,0,clean,[]
KLAC,yfinance,2516,2016-07-11,2026-07-14,2516,0,1.0,0,0,0,0,0,0,0,0,1.0,2016-07-11,2516,0.1731,0,clean,[]
KMB,yfinance,2516,2016-07-11,2026-07-14,2516,0,1.0,0,0,0,0,0,0,0,0,1.0,2016-07-11,2516,0.1457,0,clean,[]
KO,yfinance,2516,2016-07-11,2026-07-14,2516,0,1.0,0,0,0,0,0,0,0,0,1.0,2016-07-11,2516,0.0967,0,clean,[]
KR,yfinance,2516,2016-07-11,2026-07-14,2516,0,1.0,0,0,0,0,0,0,0,0,1.0,2016-07-11,2516,0.1889,0,clean,[]
KVUE,yfinance,800,2023-05-04,2026-07-14,800,0,1.0,0,0,0,0,0,0,0,0,1.0,2023-05-04,800,0.1468,0,clean,[]
L,yfinance,2516,2016-07-11,2026-07-14,2516,0,1.0,0,0,0,0,0,0,0,0,1.0,2016-07-11,2516,0.1646,0,clean,[]
LH,yfinance,2516,2016-07-11,2026-07-14,2516,0,1.0,0,0,0,0,0,0,0,0,1.0,2016-07-11,2516,0.1928,0,clean,[]
LHX,yfinance,2516,2016-07-11,2026-07-14,2516,0,1.0,0,0,0,0,0,0,0,0,1.0,2016-07-11,2516,0.143,0,clean,[]
LII,yfinance,2516,2016-07-11,2026-07-14,2516,0,1.0,0,0,0,0,0,0,0,0,1.0,2016-07-11,2516,0.1141,0,clean,[]
LIN,yfinance,2516,2016-07-11,2026-07-14,2516,0,1.0,0,0,0,0,0,0,0,0,1.0,2016-07-11,2516,0.1169,0,clean,[]
LMT,yfinance,2516,2016-07-11,2026-07-14,2516,0,1.0,0,0,0,0,0,0,0,0,1.0,2016-07-11,2516,0.1276,0,clean,[]
LNT,yfinance,2516,2016-07-11,2026-07-14,2516,0,1.0,0,0,0,0,0,0,0,0,1.0,2016-07-11,2516,0.1011,0,clean,[]
LRCX,yfinance,2516,2016-07-11,2026-07-14,2516,0,1.0,0,0,0,0,0,0,0,0,1.0,2016-07-11,2516,0.196,0,clean,[]
LVS,yfinance,2516,2016-07-11,2026-07-14,2516,0,1.0,0,0,0,0,0,0,0,0,1.0,2016-07-11,2516,0.1759,0,clean,[]
LYV,yfinance,2516,2016-07-11,2026-07-14,2516,0,1.0,0,0,0,0,0,0,0,0,1.0,2016-07-11,2516,0.1837,0,clean,[]
MA,yfinance,2516,2016-07-11,2026-07-14,2516,0,1.0,0,0,0,0,0,0,0,0,1.0,2016-07-11,2516,0.1661,0,clean,[]
MAA,yfinance,2516,2016-07-11,2026-07-14,2516,0,1.0,0,0,0,0,0,0,0,0,1.0,2016-07-11,2516,0.1671,0,clean,[]
MAR,yfinance,2516,2016-07-11,2026-07-14,2516,0,1.0,0,0,0,0,0,0,0,0,1.0,2016-07-11,2516,0.1948,0,clean,[]
MAS,yfinance,2516,2016-07-11,2026-07-14,2516,0,1.0,0,0,0,0,0,0,0,0,1.0,2016-07-11,2516,0.1486,0,clean,[]
MCD,yfinance,2516,2016-07-11,2026-07-14,2516,0,1.0,0,0,0,0,0,0,0,0,1.0,2016-07-11,2516,0.1813,0,clean,[]
MCO,yfinance,2516,2016-07-11,2026-07-14,2516,0,1.0,0,0,0,0,0,0,0,0,1.0,2016-07-11,2516,0.1857,0,clean,[]
MDLZ,yfinance,2516,2016-07-11,2026-07-14,2516,0,1.0,0,0,0,0,0,0,0,0,1.0,2016-07-11,2516,0.1143,0,clean,[]
MDT,yfinance,2516,2016-07-11,2026-07-14,2516,0,1.0,0,0,0,0,0,0,0,0,1.0,2016-07-11,2516,0.1282,0,clean,[]
MET,yfinance,2516,2016-07-11,2026-07-14,2516,0,1.0,0,0,0,0,0,0,0,0,1.0,2016-07-11,2516,0.1734,0,clean,[]
MKC,yfinance,2516,2016-07-11,2026-07-14,2516,0,1.0,0,0,0,0,0,0,0,0,1.0,2016-07-11,2516,0.1523,0,clean,[]
MLM,yfinance,2516,2016-07-11,2026-07-14,2516,0,1.0,0,0,0,0,0,0,0,0,1.0,2016-07-11,2516,0.1355,0,clean,[]
MNST,yfinance,2516,2016-07-11,2026-07-14,2516,0,1.0,0,0,0,0,0,0,0,0,1.0,2016-07-11,2516,0.1444,0,clean,[]
MO,yfinance,2516,2016-07-11,2026-07-14,2516,0,1.0,0,0,0,0,0,0,0,0,1.0,2016-07-11,2516,0.1003,0,clean,[]
MRK,yfinance,2516,2016-07-11,2026-07-14,2516,0,1.0,0,0,0,0,0,0,0,0,1.0,2016-07-11,2516,0.1041,0,clean,[]
MRSH,yfinance,2516,2016-07-11,2026-07-14,2516,0,1.0,0,0,0,0,0,0,0,0,1.0,2016-07-11,2516,0.1335,0,clean,[]
MS,yfinance,2516,2016-07-11,2026-07-14,2516,0,1.0,0,0,0,0,0,0,0,0,1.0,2016-07-11,2516,0.1977,0,clean,[]
MSCI,yfinance,2516,2016-07-11,2026-07-14,2516,0,1.0,0,0,0,0,0,0,0,0,1.0,2016-07-11,2516,0.1803,0,clean,[]
MSFT,yfinance,2516,2016-07-11,2026-07-14,2516,0,1.0,0,0,0,0,0,0,0,0,1.0,2016-07-11,2516,0.1474,0,clean,[]
MSI,yfinance,2516,2016-07-11,2026-07-14,2516,0,1.0,0,0,0,0,0,0,0,0,1.0,2016-07-11,2516,0.1412,0,clean,[]
MTD,yfinance,2516,2016-07-11,2026-07-14,2516,0,1.0,0,0,0,0,0,0,0,0,1.0,2016-07-11,2516,0.1704,0,clean,[]
MU,yfinance,2516,2016-07-11,2026-07-14,2516,0,1.0,0,0,0,0,0,0,0,0,1.0,2016-07-11,2516,0.1982,0,clean,[]
NDAQ,yfinance,2516,2016-07-11,2026-07-14,2516,0,1.0,0,0,0,0,0,0,0,0,1.0,2016-07-11,2516,0.139,0,clean,[]
NDSN,yfinance,2516,2016-07-11,2026-07-14,2516,0,1.0,0,0,0,0,0,0,0,0,1.0,2016-07-11,2516,0.197,0,clean,[]
NEE,yfinance,2516,2016-07-11,2026-07-14,2516,0,1.0,0,0,0,0,0,0,0,0,1.0,2016-07-11,2516,0.1369,0,clean,[]
NEM,yfinance,2516,2016-07-11,2026-07-14,2516,0,1.0,0,0,0,0,0,0,0,0,1.0,2016-07-11,2516,0.147,0,clean,[]
NI,yfinance,2516,2016-07-11,2026-07-14,2516,0,1.0,0,0,0,0,0,0,0,0,1.0,2016-07-11,2516,0.1734,0,clean,[]
NKE,yfinance,2516,2016-07-11,2026-07-14,2516,0,1.0,0,0,0,0,0,0,0,0,1.0,2016-07-11,2516,0.1998,0,clean,[]
NOC,yfinance,2516,2016-07-11,2026-07-14,2516,0,1.0,0,0,0,0,0,0,0,0,1.0,2016-07-11,2516,0.13,0,clean,[]
NOW,yfinance,2516,2016-07-11,2026-07-14,2516,0,1.0,0,0,0,0,0,0,0,0,1.0,2016-07-11,2516,0.1775,0,clean,[]
NSC,yfinance,2516,2016-07-11,2026-07-14,2516,0,1.0,0,0,0,0,0,0,0,0,1.0,2016-07-11,2516,0.1796,0,clean,[]
NUE,yfinance,2516,2016-07-11,2026-07-14,2516,0,1.0,0,0,0,0,0,0,0,0,1.0,2016-07-11,2516,0.1599,0,clean,[]
NWS,yfinance,2516,2016-07-11,2026-07-14,2516,0,1.0,0,0,0,0,0,0,0,0,1.0,2016-07-11,2516,0.1455,0,clean,[]
NWSA,yfinance,2516,2016-07-11,2026-07-14,2516,0,1.0,0,0,0,0,0,0,0,0,1.0,2016-07-11,2516,0.1356,0,clean,[]
ODFL,yfinance,2516,2016-07-11,2026-07-14,2516,0,1.0,0,0,0,0,0,0,0,0,1.0,2016-07-11,2516,0.1297,0,clean,[]
OMC,yfinance,2516,2016-07-11,2026-07-14,2516,0,1.0,0,0,0,0,0,0,0,0,1.0,2016-07-11,2516,0.1536,0,clean,[]
ORLY,yfinance,2516,2016-07-11,2026-07-14,2516,0,1.0,0,0,0,0,0,0,0,0,1.0,2016-07-11,2516,0.1889,0,clean,[]
OTIS,yfinance,1587,2020-03-19,2026-07-14,1587,0,1.0,0,0,0,0,0,0,0,0,1.0,2020-03-19,1587,0.1238,0,clean,[]
PAYX,yfinance,2516,2016-07-11,2026-07-14,2516,0,1.0,0,0,0,0,0,0,0,0,1.0,2016-07-11,2516,0.1948,0,clean,[]
PCAR,yfinance,2516,2016-07-11,2026-07-14,2516,0,1.0,0,0,0,0,0,0,0,0,1.0,2016-07-11,2516,0.1421,0,clean,[]
PEG,yfinance,2516,2016-07-11,2026-07-14,2516,0,1.0,0,0,0,0,0,0,0,0,1.0,2016-07-11,2516,0.1119,0,clean,[]
PEP,yfinance,2516,2016-07-11,2026-07-14,2516,0,1.0,0,0,0,0,0,0,0,0,1.0,2016-07-11,2516,0.1294,0,clean,[]
PFE,yfinance,2516,2016-07-11,2026-07-14,2516,0,1.0,0,0,0,0,0,0,0,0,1.0,2016-07-11,2516,0.1086,0,clean,[]
PG,yfinance,2516,2016-07-11,2026-07-14,2516,0,1.0,0,0,0,0,0,0,0,0,1.0,2016-07-11,2516,0.1201,0,clean,[]
PGR,yfinance,2516,2016-07-11,2026-07-14,2516,0,1.0,0,0,0,0,0,0,0,0,1.0,2016-07-11,2516,0.1312,0,clean,[]
PH,yfinance,2516,2016-07-11,2026-07-14,2516,0,1.0,0,0,0,0,0,0,0,0,1.0,2016-07-11,2516,0.1842,0,clean,[]
PLD,yfinance,2516,2016-07-11,2026-07-14,2516,0,1.0,0,0,0,0,0,0,0,0,1.0,2016-07-11,2516,0.1727,0,clean,[]
PM,yfinance,2516,2016-07-11,2026-07-14,2516,0,1.0,0,0,0,0,0,0,0,0,1.0,2016-07-11,2516,0.1558,0,clean,[]
PNC,yfinance,2516,2016-07-11,2026-07-14,2516,0,1.0,0,0,0,0,0,0,0,0,1.0,2016-07-11,2516,0.159,0,clean,[]
PNR,yfinance,2516,2016-07-11,2026-07-14,2516,0,1.0,0,0,0,0,0,0,0,0,1.0,2016-07-11,2516,0.1821,0,clean,[]
PNW,yfinance,2516,2016-07-11,2026-07-14,2516,0,1.0,0,0,0,0,0,0,0,0,1.0,2016-07-11,2516,0.165,0,clean,[]
PPG,yfinance,2516,2016-07-11,2026-07-14,2516,0,1.0,0,0,0,0,0,0,0,0,1.0,2016-07-11,2516,0.1317,0,clean,[]
PPL,yfinance,2516,2016-07-11,2026-07-14,2516,0,1.0,0,0,0,0,0,0,0,0,1.0,2016-07-11,2516,0.1425,0,clean,[]
PSA,yfinance,2516,2016-07-11,2026-07-14,2516,0,1.0,0,0,0,0,0,0,0,0,1.0,2016-07-11,2516,0.1153,0,clean,[]
PWR,yfinance,2516,2016-07-11,2026-07-14,2516,0,1.0,0,0,0,0,0,0,0,0,1.0,2016-07-11,2516,0.1832,0,clean,[]
Q,yfinance,178,2025-10-27,2026-07-14,178,0,1.0,0,0,0,0,0,0,0,0,1.0,2025-10-27,178,0.0987,0,clean,[]
REGN,yfinance,2516,2016-07-11,2026-07-14,2516,0,1.0,0,0,0,0,0,0,0,0,1.0,2016-07-11,2516,0.1901,0,clean,[]
RF,yfinance,2516,2016-07-11,2026-07-14,2516,0,1.0,0,0,0,0,0,0,0,0,1.0,2016-07-11,2516,0.1934,0,clean,[]
RL,yfinance,2516,2016-07-11,2026-07-14,2516,0,1.0,0,0,0,0,0,0,0,0,1.0,2016-07-11,2516,0.198,0,clean,[]
RMD,yfinance,2516,2016-07-11,2026-07-14,2516,0,1.0,0,0,0,0,0,0,0,0,1.0,2016-07-11,2516,0.1939,0,clean,[]
ROK,yfinance,2516,2016-07-11,2026-07-14,2516,0,1.0,0,0,0,0,0,0,0,0,1.0,2016-07-11,2516,0.1758,0,clean,[]
ROL,yfinance,2516,2016-07-11,2026-07-14,2516,0,1.0,0,0,0,0,0,0,0,0,1.0,2016-07-11,2516,0.1081,0,clean,[]
ROP,yfinance,2516,2016-07-11,2026-07-14,2516,0,1.0,0,0,0,0,0,0,0,0,1.0,2016-07-11,2516,0.1124,0,clean,[]
RSG,yfinance,2516,2016-07-11,2026-07-14,2516,0,1.0,0,0,0,0,0,0,0,0,1.0,2016-07-11,2516,0.1281,0,clean,[]
RTX,yfinance,2516,2016-07-11,2026-07-14,2516,0,1.0,0,0,0,0,0,0,0,0,1.0,2016-07-11,2516,0.1576,0,clean,[]
RVTY,yfinance,2516,2016-07-11,2026-07-14,2516,0,1.0,0,0,0,0,0,0,0,0,1.0,2016-07-11,2516,0.1613,0,clean,[]
SCHW,yfinance,2516,2016-07-11,2026-07-14,2516,0,1.0,0,0,0,0,0,0,0,0,1.0,2016-07-11,2516,0.1913,0,clean,[]
SHW,yfinance,2516,2016-07-11,2026-07-14,2516,0,1.0,0,0,0,0,0,0,0,0,1.0,2016-07-11,2516,0.1868,0,clean,[]
SJM,yfinance,2516,2016-07-11,2026-07-14,2516,0,1.0,0,0,0,0,0,0,0,0,1.0,2016-07-11,2516,0.1559,0,clean,[]
SNA,yfinance,2516,2016-07-11,2026-07-14,2516,0,1.0,0,0,0,0,0,0,0,0,1.0,2016-07-11,2516,0.1153,0,clean,[]
SO,yfinance,2516,2016-07-11,2026-07-14,2516,0,1.0,0,0,0,0,0,0,0,0,1.0,2016-07-11,2516,0.1877,0,clean,[]
SOLV,yfinance,576,2024-03-26,2026-07-14,576,0,1.0,0,0,0,0,0,0,0,0,1.0,2024-03-26,576,0.0954,0,clean,[]
SPGI,yfinance,2516,2016-07-11,2026-07-14,2516,0,1.0,0,0,0,0,0,0,0,0,1.0,2016-07-11,2516,0.1519,0,clean,[]
SRE,yfinance,2516,2016-07-11,2026-07-14,2516,0,1.0,0,0,0,0,0,0,0,0,1.0,2016-07-11,2516,0.1897,0,clean,[]
STLD,yfinance,2516,2016-07-11,2026-07-14,2516,0,1.0,0,0,0,0,0,0,0,0,1.0,2016-07-11,2516,0.1942,0,clean,[]
STZ,yfinance,2516,2016-07-11,2026-07-14,2516,0,1.0,0,0,0,0,0,0,0,0,1.0,2016-07-11,2516,0.1721,0,clean,[]
SYK,yfinance,2516,2016-07-11,2026-07-14,2516,0,1.0,0,0,0,0,0,0,0,0,1.0,2016-07-11,2516,0.1339,0,clean,[]
T,yfinance,2516,2016-07-11,2026-07-14,2516,0,1.0,0,0,0,0,0,0,0,0,1.0,2016-07-11,2516,0.1041,0,clean,[]
TAP,yfinance,2516,2016-07-11,2026-07-14,2516,0,1.0,0,0,0,0,0,0,0,0,1.0,2016-07-11,2516,0.154,0,clean,[]
TEL,yfinance,2516,2016-07-11,2026-07-14,2516,0,1.0,0,0,0,0,0,0,0,0,1.0,2016-07-11,2516,0.1583,0,clean,[]
TFC,yfinance,2516,2016-07-11,2026-07-14,2516,0,1.0,0,0,0,0,0,0,0,0,1.0,2016-07-11,2516,0.191,0,clean,[]
TMO,yfinance,2516,2016-07-11,2026-07-14,2516,0,1.0,0,0,0,0,0,0,0,0,1.0,2016-07-11,2516,0.1047,0,clean,[]
TMUS,yfinance,2516,2016-07-11,2026-07-14,2516,0,1.0,0,0,0,0,0,0,0,0,1.0,2016-07-11,2516,0.1178,0,clean,[]
TRMB,yfinance,2516,2016-07-11,2026-07-14,2516,0,1.0,0,0,0,0,0,0,0,0,1.0,2016-07-11,2516,0.1881,0,clean,[]
TROW,yfinance,2516,2016-07-11,2026-07-14,2516,0,1.0,0,0,0,0,0,0,0,0,1.0,2016-07-11,2516,0.1701,0,clean,[]
TSCO,yfinance,2516,2016-07-11,2026-07-14,2516,0,1.0,0,0,0,0,0,0,0,0,1.0,2016-07-11,2516,0.1694,0,clean,[]
TT,yfinance,2516,2016-07-11,2026-07-14,2516,0,1.0,0,0,0,0,0,0,0,0,1.0,2016-07-11,2516,0.1219,0,clean,[]
TTWO,yfinance,2516,2016-07-11,2026-07-14,2516,0,1.0,0,0,0,0,0,0,0,0,1.0,2016-07-11,2516,0.1403,0,clean,[]
TXN,yfinance,2516,2016-07-11,2026-07-14,2516,0,1.0,0,0,0,0,0,0,0,0,1.0,2016-07-11,2516,0.1943,0,clean,[]
TXT,yfinance,2516,2016-07-11,2026-07-14,2516,0,1.0,0,0,0,0,0,0,0,0,1.0,2016-07-11,2516,0.1713,0,clean,[]
TYL,yfinance,2516,2016-07-11,2026-07-14,2516,0,1.0,0,0,0,0,0,0,0,0,1.0,2016-07-11,2516,0.1539,0,clean,[]
UPS,yfinance,2516,2016-07-11,2026-07-14,2516,0,1.0,0,0,0,0,0,0,0,0,1.0,2016-07-11,2516,0.1438,0,clean,[]
USB,yfinance,2516,2016-07-11,2026-07-14,2516,0,1.0,0,0,0,0,0,0,0,0,1.0,2016-07-11,2516,0.1737,0,clean,[]
V,yfinance,2516,2016-07-11,2026-07-14,2516,0,1.0,0,0,0,0,0,0,0,0,1.0,2016-07-11,2516,0.1384,0,clean,[]
VEEV,yfinance,2516,2016-07-11,2026-07-14,2516,0,1.0,0,0,0,0,0,0,0,0,1.0,2016-07-11,2516,0.1967,0,clean,[]
VLTO,yfinance,695,2023-10-04,2026-07-14,695,0,1.0,0,0,0,0,0,0,0,0,1.0,2023-10-04,695,0.0681,0,clean,[]
VMC,yfinance,2516,2016-07-11,2026-07-14,2516,0,1.0,0,0,0,0,0,0,0,0,1.0,2016-07-11,2516,0.1777,0,clean,[]
VRSK,yfinance,2516,2016-07-11,2026-07-14,2516,0,1.0,0,0,0,0,0,0,0,0,1.0,2016-07-11,2516,0.1329,0,clean,[]
VRSN,yfinance,2516,2016-07-11,2026-07-14,2516,0,1.0,0,0,0,0,0,0,0,0,1.0,2016-07-11,2516,0.172,0,clean,[]
VZ,yfinance,2516,2016-07-11,2026-07-14,2516,0,1.0,0,0,0,0,0,0,0,0,1.0,2016-07-11,2516,0.1183,0,clean,[]
WAB,yfinance,2516,2016-07-11,2026-07-14,2516,0,1.0,0,0,0,0,0,0,0,0,1.0,2016-07-11,2516,0.1822,0,clean,[]
WAT,yfinance,2516,2016-07-11,2026-07-14,2516,0,1.0,0,0,0,0,0,0,0,0,1.0,2016-07-11,2516,0.1984,0,clean,[]
WDAY,yfinance,2516,2016-07-11,2026-07-14,2516,0,1.0,0,0,0,0,0,0,0,0,1.0,2016-07-11,2516,0.1717,0,clean,[]
WEC,yfinance,2516,2016-07-11,2026-07-14,2516,0,1.0,0,0,0,0,0,0,0,0,1.0,2016-07-11,2516,0.1805,0,clean,[]
WFC,yfinance,2516,2016-07-11,2026-07-14,2516,0,1.0,0,0,0,0,0,0,0,0,1.0,2016-07-11,2516,0.1587,0,clean,[]
WM,yfinance,2516,2016-07-11,2026-07-14,2516,0,1.0,0,0,0,0,0,0,0,0,1.0,2016-07-11,2516,0.1112,0,clean,[]
WMT,yfinance,2516,2016-07-11,2026-07-14,2516,0,1.0,0,0,0,0,0,0,0,0,1.0,2016-07-11,2516,0.1171,0,clean,[]
WRB,yfinance,2516,2016-07-11,2026-07-14,2516,0,1.0,0,0,0,0,0,0,0,0,1.0,2016-07-11,2516,0.1543,0,clean,[]
WTW,yfinance,2516,2016-07-11,2026-07-14,2516,0,1.0,0,0,0,0,0,0,0,0,1.0,2016-07-11,2516,0.1511,0,clean,[]
XOM,yfinance,2516,2016-07-11,2026-07-14,2516,0,1.0,0,0,0,0,0,0,0,0,1.0,2016-07-11,2516,0.1269,0,clean,[]
XYL,yfinance,2516,2016-07-11,2026-07-14,2516,0,1.0,0,0,0,0,0,0,0,0,1.0,2016-07-11,2516,0.1203,0,clean,[]
ZBRA,yfinance,2516,2016-07-11,2026-07-14,2516,0,1.0,0,0,0,0,0,0,0,0,1.0,2016-07-11,2516,0.1727,0,clean,[]
^GSPC,yfinance,2516,2016-07-11,2026-07-14,2516,0,1.0,0,0,0,0,0,0,1,0,1.0,2016-07-11,2516,0.1198,0,clean,[]
AMCR,yfinance,2516,2016-07-11,2026-07-14,2516,0,1.0,0,0,0,0,0,0,554,554,0.7798,2016-07-28,1962,0.1628,0,fail,"['halt_like_rows', 'fabricated_rows']"
FDXF,yfinance,33,2026-05-27,2026-07-14,33,0,1.0,0,0,0,0,0,0,0,0,1.0,2026-05-27,33,0.2252,1,fail,"['extreme_returns', 'short_history']"
HONA,yfinance,20,2026-06-15,2026-07-14,20,0,1.0,0,0,0,0,0,0,0,0,1.0,2026-06-15,20,0.3498,1,fail,"['extreme_returns', 'short_history']"
SW,yfinance,2516,2016-07-11,2026-07-14,2516,0,1.0,0,0,0,0,0,0,1076,1076,0.5723,2016-07-11,1440,0.2593,2,fail,"['halt_like_rows', 'extreme_returns', 'fabricated_rows']"
FISV,yfinance,2515,2016-07-11,2026-07-14,2516,1,0.9996,1,0,0,0,0,0,0,0,1.0,2016-07-11,2515,0.4404,1,warn,['extreme_returns']
ABT,yfinance,2516,2016-07-11,2026-07-14,2516,0,1.0,0,0,0,0,0,1,0,0,1.0,2016-07-11,2516,0.1094,0,warn,['ohlc_violation']
ADM,yfinance,2516,2016-07-11,2026-07-14,2516,0,1.0,0,0,0,0,0,0,0,0,1.0,2016-07-11,2516,0.242,1,warn,['extreme_returns']
AFL,yfinance,2516,2016-07-11,2026-07-14,2516,0,1.0,0,0,0,0,0,0,0,0,1.0,2016-07-11,2516,0.2618,1,warn,['extreme_returns']
AIG,yfinance,2516,2016-07-11,2026-07-14,2516,0,1.0,0,0,0,0,0,0,0,0,1.0,2016-07-11,2516,0.2084,1,warn,['extreme_returns']
AIZ,yfinance,2516,2016-07-11,2026-07-14,2516,0,1.0,0,0,0,0,0,1,0,0,1.0,2016-07-11,2516,0.1974,0,warn,['ohlc_violation']
AKAM,yfinance,2516,2016-07-11,2026-07-14,2516,0,1.0,0,0,0,0,0,0,0,0,1.0,2016-07-11,2516,0.2658,2,warn,['extreme_returns']
ALGN,yfinance,2516,2016-07-11,2026-07-14,2516,0,1.0,0,0,0,0,0,0,0,0,1.0,2016-07-11,2516,0.3663,7,warn,['extreme_returns']
AMAT,yfinance,2516,2016-07-11,2026-07-14,2516,0,1.0,0,0,0,0,0,0,0,0,1.0,2016-07-11,2516,0.2036,1,warn,['extreme_returns']
AMD,yfinance,2516,2016-07-11,2026-07-14,2516,0,1.0,0,0,0,0,0,0,0,0,1.0,2016-07-11,2516,0.2423,3,warn,['extreme_returns']
AMP,yfinance,2516,2016-07-11,2026-07-14,2516,0,1.0,0,0,0,0,0,0,0,0,1.0,2016-07-11,2516,0.2382,3,warn,['extreme_returns']
ANET,yfinance,2516,2016-07-11,2026-07-14,2516,0,1.0,0,0,0,0,0,0,0,0,1.0,2016-07-11,2516,0.2423,3,warn,['extreme_returns']
APA,yfinance,2516,2016-07-11,2026-07-14,2516,0,1.0,0,0,0,0,0,0,0,0,1.0,2016-07-11,2516,0.5386,7,warn,['extreme_returns']
APO,yfinance,2516,2016-07-11,2026-07-14,2516,0,1.0,0,0,0,0,0,0,0,0,1.0,2016-07-11,2516,0.2624,1,warn,['extreme_returns']
APP,yfinance,1317,2021-04-15,2026-07-14,1317,0,1.0,0,0,0,0,0,0,0,0,1.0,2021-04-15,1317,0.4627,8,warn,['extreme_returns']
APTV,yfinance,2516,2016-07-11,2026-07-14,2516,0,1.0,0,0,0,0,0,0,0,0,1.0,2016-07-11,2516,0.3055,3,warn,['extreme_returns']
ARES,yfinance,2516,2016-07-11,2026-07-14,2516,0,1.0,0,0,0,0,0,1,0,0,1.0,2016-07-11,2516,0.1841,0,warn,['ohlc_violation']
AVGO,yfinance,2516,2016-07-11,2026-07-14,2516,0,1.0,0,0,0,0,0,0,0,0,1.0,2016-07-11,2516,0.2443,1,warn,['extreme_returns']
AVY,yfinance,2516,2016-07-11,2026-07-14,2516,0,1.0,0,0,0,0,0,0,0,0,1.0,2016-07-11,2516,0.2287,1,warn,['extreme_returns']
AXON,yfinance,2516,2016-07-11,2026-07-14,2516,0,1.0,0,0,0,0,0,0,0,0,1.0,2016-07-11,2516,0.2868,5,warn,['extreme_returns']
AXP,yfinance,2516,2016-07-11,2026-07-14,2516,0,1.0,0,0,0,0,0,0,0,0,1.0,2016-07-11,2516,0.2188,2,warn,['extreme_returns']
BA,yfinance,2516,2016-07-11,2026-07-14,2516,0,1.0,0,0,0,0,0,0,0,0,1.0,2016-07-11,2516,0.2432,3,warn,['extreme_returns']
BALL,yfinance,2516,2016-07-11,2026-07-14,2516,0,1.0,0,0,0,0,0,1,0,0,1.0,2016-07-11,2516,0.1858,0,warn,['ohlc_violation']
BAX,yfinance,2516,2016-07-11,2026-07-14,2516,0,1.0,0,0,0,0,0,1,0,0,1.0,2016-07-11,2516,0.2242,1,warn,"['ohlc_violation', 'extreme_returns']"
BBY,yfinance,2516,2016-07-11,2026-07-14,2516,0,1.0,0,0,0,0,0,0,0,0,1.0,2016-07-11,2516,0.2148,1,warn,['extreme_returns']
BDX,yfinance,2516,2016-07-11,2026-07-14,2516,0,1.0,0,0,0,0,0,1,0,0,1.0,2016-07-11,2516,0.1813,0,warn,['ohlc_violation']
BF-B,yfinance,2516,2016-07-11,2026-07-14,2516,0,1.0,0,0,0,0,0,1,0,0,1.0,2016-07-11,2516,0.1792,0,warn,['ohlc_violation']
BG,yfinance,2516,2016-07-11,2026-07-14,2516,0,1.0,0,0,0,0,0,1,0,0,1.0,2016-07-11,2516,0.166,0,warn,['ohlc_violation']
BIIB,yfinance,2516,2016-07-11,2026-07-14,2516,0,1.0,0,0,0,0,0,0,0,0,1.0,2016-07-11,2516,0.4397,6,warn,['extreme_returns']
BKR,yfinance,2516,2016-07-11,2026-07-14,2516,0,1.0,0,0,0,0,0,0,1,1,0.9996,2016-07-11,2515,0.3542,3,warn,"['halt_like_rows', 'extreme_returns']"
BLDR,yfinance,2516,2016-07-11,2026-07-14,2516,0,1.0,0,0,0,0,0,0,0,0,1.0,2016-07-11,2516,0.2338,3,warn,['extreme_returns']
BSX,yfinance,2516,2016-07-11,2026-07-14,2516,0,1.0,0,0,0,0,0,1,0,0,1.0,2016-07-11,2516,0.1759,0,warn,['ohlc_violation']
BXP,yfinance,2516,2016-07-11,2026-07-14,2516,0,1.0,0,0,0,0,0,0,0,0,1.0,2016-07-11,2516,0.2092,1,warn,['extreme_returns']
CAH,yfinance,2516,2016-07-11,2026-07-14,2516,0,1.0,0,0,0,0,0,0,0,0,1.0,2016-07-11,2516,0.2142,1,warn,['extreme_returns']
CARR,yfinance,1587,2020-03-19,2026-07-14,1587,0,1.0,0,0,0,0,0,0,0,0,1.0,2020-03-19,1587,0.2741,1,warn,['extreme_returns']
CASY,yfinance,2516,2016-07-11,2026-07-14,2516,0,1.0,0,0,0,0,0,0,0,0,1.0,2016-07-11,2516,0.2029,1,warn,['extreme_returns']
CCI,yfinance,2516,2016-07-11,2026-07-14,2516,0,1.0,0,0,0,0,0,0,1,1,0.9996,2016-07-11,2515,0.1243,0,warn,['halt_like_rows']
CCL,yfinance,2516,2016-07-11,2026-07-14,2516,0,1.0,0,0,0,0,0,0,0,0,1.0,2016-07-11,2516,0.3929,6,warn,['extreme_returns']
CDW,yfinance,2516,2016-07-11,2026-07-14,2516,0,1.0,0,0,0,0,0,0,0,0,1.0,2016-07-11,2516,0.2032,1,warn,['extreme_returns']
CEG,yfinance,1124,2022-01-19,2026-07-14,1124,0,1.0,0,0,0,0,0,0,0,0,1.0,2022-01-19,1124,0.2516,3,warn,['extreme_returns']
CFG,yfinance,2516,2016-07-11,2026-07-14,2516,0,1.0,0,0,0,0,0,0,0,0,1.0,2016-07-11,2516,0.2177,1,warn,['extreme_returns']
CHD,yfinance,2516,2016-07-11,2026-07-14,2516,0,1.0,0,0,0,0,0,0,1,1,0.9996,2016-07-11,2515,0.1367,0,warn,['halt_like_rows']
CHTR,yfinance,2516,2016-07-11,2026-07-14,2516,0,1.0,0,0,0,0,0,0,0,0,1.0,2016-07-11,2516,0.255,1,warn,['extreme_returns']
CIEN,yfinance,2516,2016-07-11,2026-07-14,2516,0,1.0,0,0,0,0,0,0,0,0,1.0,2016-07-11,2516,0.2678,5,warn,['extreme_returns']
CMG,yfinance,2516,2016-07-11,2026-07-14,2516,0,1.0,0,0,0,0,0,0,0,0,1.0,2016-07-11,2516,0.2444,1,warn,['extreme_returns']
CMI,yfinance,2516,2016-07-11,2026-07-14,2516,0,1.0,0,0,0,0,0,0,0,0,1.0,2016-07-11,2516,0.2115,1,warn,['extreme_returns']
CNC,yfinance,2516,2016-07-11,2026-07-14,2516,0,1.0,0,0,0,0,0,0,1,0,1.0,2016-07-11,2516,0.4037,1,warn,['extreme_returns']
COF,yfinance,2516,2016-07-11,2026-07-14,2516,0,1.0,0,0,0,0,0,0,0,0,1.0,2016-07-11,2516,0.2387,1,warn,['extreme_returns']
COHR,yfinance,2516,2016-07-11,2026-07-14,2516,0,1.0,0,0,0,0,0,0,0,0,1.0,2016-07-11,2516,0.2987,5,warn,['extreme_returns']
COIN,yfinance,1318,2021-04-14,2026-07-14,1318,0,1.0,0,0,0,0,0,0,0,0,1.0,2021-04-14,1318,0.3111,7,warn,['extreme_returns']
COP,yfinance,2516,2016-07-11,2026-07-14,2516,0,1.0,0,0,0,0,0,0,0,0,1.0,2016-07-11,2516,0.2521,2,warn,['extreme_returns']
CRL,yfinance,2516,2016-07-11,2026-07-14,2516,0,1.0,0,0,0,0,0,0,0,0,1.0,2016-07-11,2516,0.2813,1,warn,['extreme_returns']
CRM,yfinance,2516,2016-07-11,2026-07-14,2516,0,1.0,0,0,0,0,0,0,0,0,1.0,2016-07-11,2516,0.2604,1,warn,['extreme_returns']
CSX,yfinance,2516,2016-07-11,2026-07-14,2516,0,1.0,0,0,0,0,0,0,0,0,1.0,2016-07-11,2516,0.234,1,warn,['extreme_returns']
CVNA,yfinance,2314,2017-04-28,2026-07-14,2314,0,1.0,0,0,0,0,0,0,0,0,1.0,2017-04-28,2314,0.5602,34,warn,['extreme_returns']
CVX,yfinance,2516,2016-07-11,2026-07-14,2516,0,1.0,0,0,0,0,0,0,0,0,1.0,2016-07-11,2516,0.2274,2,warn,['extreme_returns']
DAL,yfinance,2516,2016-07-11,2026-07-14,2516,0,1.0,0,0,0,0,0,0,0,0,1.0,2016-07-11,2516,0.2599,4,warn,['extreme_returns']
DASH,yfinance,1403,2020-12-09,2026-07-14,1403,0,1.0,0,0,0,0,0,0,0,0,1.0,2020-12-09,1403,0.2215,1,warn,['extreme_returns']
DDOG,yfinance,1712,2019-09-19,2026-07-14,1712,0,1.0,0,0,0,0,0,0,0,0,1.0,2019-09-19,1712,0.3133,4,warn,['extreme_returns']
DECK,yfinance,2516,2016-07-11,2026-07-14,2516,0,1.0,0,0,0,0,0,0,0,0,1.0,2016-07-11,2516,0.2051,1,warn,['extreme_returns']
DELL,yfinance,2489,2016-08-17,2026-07-14,2489,0,1.0,0,0,0,0,0,0,0,0,1.0,2016-08-17,2489,0.3276,5,warn,['extreme_returns']
DG,yfinance,2516,2016-07-11,2026-07-14,2516,0,1.0,0,0,0,0,0,0,0,0,1.0,2016-07-11,2516,0.3215,1,warn,['extreme_returns']
DHI,yfinance,2516,2016-07-11,2026-07-14,2516,0,1.0,0,0,0,0,0,0,0,0,1.0,2016-07-11,2516,0.2023,1,warn,['extreme_returns']
DLTR,yfinance,2516,2016-07-11,2026-07-14,2516,0,1.0,0,0,0,0,0,0,0,0,1.0,2016-07-11,2516,0.2216,2,warn,['extreme_returns']
DOC,yfinance,2516,2016-07-11,2026-07-14,2516,0,1.0,0,0,0,0,0,0,1,1,0.9996,2016-07-11,2515,0.2283,1,warn,"['halt_like_rows', 'extreme_returns']"
DOW,yfinance,1839,2019-03-20,2026-07-14,1839,0,1.0,0,0,0,0,0,0,0,0,1.0,2019-03-20,1839,0.2166,2,warn,['extreme_returns']
DPZ,yfinance,2516,2016-07-11,2026-07-14,2516,0,1.0,0,0,0,0,0,0,0,0,1.0,2016-07-11,2516,0.256,1,warn,['extreme_returns']
DRI,yfinance,2516,2016-07-11,2026-07-14,2516,0,1.0,0,0,0,0,0,1,0,0,1.0,2016-07-11,2516,0.3134,3,warn,"['ohlc_violation', 'extreme_returns']"
DVA,yfinance,2516,2016-07-11,2026-07-14,2516,0,1.0,0,0,0,0,0,0,0,0,1.0,2016-07-11,2516,0.2709,3,warn,['extreme_returns']
DVN,yfinance,2516,2016-07-11,2026-07-14,2516,0,1.0,0,0,0,0,0,0,0,0,1.0,2016-07-11,2516,0.374,2,warn,['extreme_returns']
DXCM,yfinance,2516,2016-07-11,2026-07-14,2516,0,1.0,0,0,0,0,0,0,1,1,0.9996,2016-07-11,2515,0.4066,5,warn,"['halt_like_rows', 'extreme_returns']"
ECHO,yfinance,2516,2016-07-11,2026-07-14,2516,0,1.0,0,0,0,0,0,0,0,0,1.0,2016-07-11,2516,0.7025,6,warn,['extreme_returns']
ECL,yfinance,2516,2016-07-11,2026-07-14,2516,0,1.0,0,0,0,0,0,0,0,0,1.0,2016-07-11,2516,0.2216,1,warn,['extreme_returns']
EL,yfinance,2516,2016-07-11,2026-07-14,2516,0,1.0,0,0,0,0,0,0,0,0,1.0,2016-07-11,2516,0.209,1,warn,['extreme_returns']
ELV,yfinance,2516,2016-07-11,2026-07-14,2516,0,1.0,0,0,0,0,0,1,0,0,1.0,2016-07-11,2516,0.1713,0,warn,['ohlc_violation']
EOG,yfinance,2516,2016-07-11,2026-07-14,2516,0,1.0,0,0,0,0,0,0,0,0,1.0,2016-07-11,2516,0.3201,1,warn,['extreme_returns']
EQT,yfinance,2516,2016-07-11,2026-07-14,2516,0,1.0,0,0,0,0,0,0,0,0,1.0,2016-07-11,2516,0.3732,1,warn,['extreme_returns']
ETN,yfinance,2516,2016-07-11,2026-07-14,2516,0,1.0,0,0,0,0,0,0,0,0,1.0,2016-07-11,2516,0.2326,1,warn,['extreme_returns']
EW,yfinance,2516,2016-07-11,2026-07-14,2516,0,1.0,0,0,0,0,0,1,0,0,1.0,2016-07-11,2516,0.3134,1,warn,"['ohlc_violation', 'extreme_returns']"
EXPE,yfinance,2516,2016-07-11,2026-07-14,2516,0,1.0,0,0,0,0,0,0,0,0,1.0,2016-07-11,2516,0.2739,3,warn,['extreme_returns']
F,yfinance,2516,2016-07-11,2026-07-14,2516,0,1.0,0,0,0,0,0,0,0,0,1.0,2016-07-11,2516,0.2344,1,warn,['extreme_returns']
FANG,yfinance,2516,2016-07-11,2026-07-14,2516,0,1.0,0,0,0,0,0,0,0,0,1.0,2016-07-11,2516,0.4465,4,warn,['extreme_returns']
FCX,yfinance,2516,2016-07-11,2026-07-14,2516,0,1.0,0,0,0,0,0,0,0,0,1.0,2016-07-11,2516,0.2968,1,warn,['extreme_returns']
FDX,yfinance,2516,2016-07-11,2026-07-14,2516,0,1.0,0,0,0,0,0,0,0,0,1.0,2016-07-11,2516,0.214,1,warn,['extreme_returns']
FE,yfinance,2516,2016-07-11,2026-07-14,2516,0,1.0,0,0,0,0,0,0,0,0,1.0,2016-07-11,2516,0.2091,1,warn,['extreme_returns']
FICO,yfinance,2516,2016-07-11,2026-07-14,2516,0,1.0,0,0,0,0,0,0,0,0,1.0,2016-07-11,2516,0.311,2,warn,['extreme_returns']
FIS,yfinance,2516,2016-07-11,2026-07-14,2516,0,1.0,0,0,0,0,0,0,0,0,1.0,2016-07-11,2516,0.2805,1,warn,['extreme_returns']
FITB,yfinance,2516,2016-07-11,2026-07-14,2516,0,1.0,0,0,0,0,0,0,0,0,1.0,2016-07-11,2516,0.2178,1,warn,['extreme_returns']
FIX,yfinance,2516,2016-07-11,2026-07-14,2516,0,1.0,0,0,0,0,0,0,0,0,1.0,2016-07-11,2516,0.2571,3,warn,['extreme_returns']
FLEX,yfinance,2516,2016-07-11,2026-07-14,2516,0,1.0,0,0,0,0,0,0,0,0,1.0,2016-07-11,2516,0.3969,4,warn,['extreme_returns']
FRT,yfinance,2516,2016-07-11,2026-07-14,2516,0,1.0,0,0,0,0,0,0,0,0,1.0,2016-07-11,2516,0.329,2,warn,['extreme_returns']
FSLR,yfinance,2516,2016-07-11,2026-07-14,2516,0,1.0,0,0,0,0,0,0,0,0,1.0,2016-07-11,2516,0.2648,3,warn,['extreme_returns']
FTNT,yfinance,2516,2016-07-11,2026-07-14,2516,0,1.0,0,0,0,0,0,0,0,0,1.0,2016-07-11,2516,0.253,5,warn,['extreme_returns']
GEN,yfinance,2516,2016-07-11,2026-07-14,2516,0,1.0,0,0,0,0,0,0,1,1,0.9996,2016-07-11,2515,0.3966,2,warn,"['halt_like_rows', 'extreme_returns']"
GEV,yfinance,575,2024-03-27,2026-07-14,575,0,1.0,0,0,0,0,0,0,0,0,1.0,2024-03-27,575,0.2152,1,warn,['extreme_returns']
GL,yfinance,2516,2016-07-11,2026-07-14,2516,0,1.0,0,0,0,0,0,0,0,0,1.0,2016-07-11,2516,0.5314,2,warn,['extreme_returns']
GNRC,yfinance,2516,2016-07-11,2026-07-14,2516,0,1.0,0,0,0,0,0,0,0,0,1.0,2016-07-11,2516,0.2534,2,warn,['extreme_returns']
GPC,yfinance,2516,2016-07-11,2026-07-14,2516,0,1.0,0,0,0,0,0,0,0,0,1.0,2016-07-11,2516,0.2097,2,warn,['extreme_returns']
GPN,yfinance,2516,2016-07-11,2026-07-14,2516,0,1.0,0,0,0,0,0,0,0,0,1.0,2016-07-11,2516,0.2168,1,warn,['extreme_returns']
GRMN,yfinance,2516,2016-07-11,2026-07-14,2516,0,1.0,0,0,0,0,0,0,0,0,1.0,2016-07-11,2516,0.2325,1,warn,['extreme_returns']
HAL,yfinance,2516,2016-07-11,2026-07-14,2516,0,1.0,0,0,0,0,0,0,0,0,1.0,2016-07-11,2516,0.3764,3,warn,['extreme_returns']
HAS,yfinance,2516,2016-07-11,2026-07-14,2516,0,1.0,0,0,0,0,0,0,0,0,1.0,2016-07-11,2516,0.2167,1,warn,['extreme_returns']
HCA,yfinance,2516,2016-07-11,2026-07-14,2516,0,1.0,0,0,0,0,0,0,0,0,1.0,2016-07-11,2516,0.2256,2,warn,['extreme_returns']
HIG,yfinance,2516,2016-07-11,2026-07-14,2516,0,1.0,0,0,0,0,0,0,0,0,1.0,2016-07-11,2516,0.277,3,warn,['extreme_returns']
HII,yfinance,2516,2016-07-11,2026-07-14,2516,0,1.0,0,0,0,0,0,0,0,0,1.0,2016-07-11,2516,0.2616,1,warn,['extreme_returns']
HOOD,yfinance,1244,2021-07-29,2026-07-14,1244,0,1.0,0,0,0,0,0,0,0,0,1.0,2021-07-29,1244,0.5041,6,warn,['extreme_returns']
HST,yfinance,2516,2016-07-11,2026-07-14,2516,0,1.0,0,0,0,0,0,0,0,0,1.0,2016-07-11,2516,0.3003,1,warn,['extreme_returns']
HUBB,yfinance,2516,2016-07-11,2026-07-14,2516,0,1.0,0,0,0,0,0,1,1,0,1.0,2016-07-11,2516,0.1374,0,warn,['ohlc_violation']
HUM,yfinance,2516,2016-07-11,2026-07-14,2516,0,1.0,0,0,0,0,0,0,0,0,1.0,2016-07-11,2516,0.2113,1,warn,['extreme_returns']
HWM,yfinance,2436,2016-11-01,2026-07-14,2436,0,1.0,0,0,0,0,0,0,35,0,1.0,2016-11-01,2436,0.2636,2,warn,['extreme_returns']
IBKR,yfinance,2516,2016-07-11,2026-07-14,2516,0,1.0,0,0,0,0,0,0,2,2,0.9992,2016-07-11,2514,0.1612,0,warn,['halt_like_rows']
IBM,yfinance,2516,2016-07-11,2026-07-14,2516,0,1.0,0,0,0,0,0,0,0,0,1.0,2016-07-11,2516,0.2467,1,warn,['extreme_returns']
IDXX,yfinance,2516,2016-07-11,2026-07-14,2516,0,1.0,0,0,0,0,0,0,0,0,1.0,2016-07-11,2516,0.2749,1,warn,['extreme_returns']
INCY,yfinance,2516,2016-07-11,2026-07-14,2516,0,1.0,0,0,0,0,0,0,0,0,1.0,2016-07-11,2516,0.2293,1,warn,['extreme_returns']
INTC,yfinance,2516,2016-07-11,2026-07-14,2516,0,1.0,0,0,0,0,0,0,0,0,1.0,2016-07-11,2516,0.2606,3,warn,['extreme_returns']
INTU,yfinance,2516,2016-07-11,2026-07-14,2516,0,1.0,0,0,0,0,0,0,0,0,1.0,2016-07-11,2516,0.2008,2,warn,['extreme_returns']
INVH,yfinance,2374,2017-02-01,2026-07-14,2374,0,1.0,0,0,0,0,0,0,0,0,1.0,2017-02-01,2374,0.2355,1,warn,['extreme_returns']
IT,yfinance,2516,2016-07-11,2026-07-14,2516,0,1.0,0,0,0,0,0,0,0,0,1.0,2016-07-11,2516,0.2755,2,warn,['extreme_returns']
IVZ,yfinance,2516,2016-07-11,2026-07-14,2516,0,1.0,0,0,0,0,0,0,0,0,1.0,2016-07-11,2516,0.2113,1,warn,['extreme_returns']
JBHT,yfinance,2516,2016-07-11,2026-07-14,2516,0,1.0,0,0,0,0,0,0,0,0,1.0,2016-07-11,2516,0.2214,1,warn,['extreme_returns']
KDP,yfinance,2516,2016-07-11,2026-07-14,2516,0,1.0,0,0,0,0,0,0,0,0,1.0,2016-07-11,2516,0.8206,3,warn,['extreme_returns']
KEY,yfinance,2516,2016-07-11,2026-07-14,2516,0,1.0,0,0,0,0,0,0,0,0,1.0,2016-07-11,2516,0.2733,3,warn,['extreme_returns']
KEYS,yfinance,2516,2016-07-11,2026-07-14,2516,0,1.0,0,0,0,0,0,0,0,0,1.0,2016-07-11,2516,0.2305,1,warn,['extreme_returns']
KHC,yfinance,2516,2016-07-11,2026-07-14,2516,0,1.0,0,0,0,0,0,0,0,0,1.0,2016-07-11,2516,0.2746,1,warn,['extreme_returns']
KIM,yfinance,2516,2016-07-11,2026-07-14,2516,0,1.0,0,0,0,0,0,0,0,0,1.0,2016-07-11,2516,0.3226,1,warn,['extreme_returns']
KMI,yfinance,2516,2016-07-11,2026-07-14,2516,0,1.0,0,0,0,0,0,0,0,0,1.0,2016-07-11,2516,0.2104,1,warn,['extreme_returns']
LDOS,yfinance,2516,2016-07-11,2026-07-14,2516,0,1.0,0,0,0,0,0,0,0,0,1.0,2016-07-11,2516,0.2552,1,warn,['extreme_returns']
LEN,yfinance,2516,2016-07-11,2026-07-14,2516,0,1.0,0,0,0,0,0,0,0,0,1.0,2016-07-11,2516,0.2129,1,warn,['extreme_returns']
LITE,yfinance,2516,2016-07-11,2026-07-14,2516,0,1.0,0,0,0,0,0,0,0,0,1.0,2016-07-11,2516,0.3298,6,warn,['extreme_returns']
LLY,yfinance,2516,2016-07-11,2026-07-14,2516,0,1.0,0,0,0,0,0,1,0,0,1.0,2016-07-11,2516,0.1568,0,warn,['ohlc_violation']
LOW,yfinance,2516,2016-07-11,2026-07-14,2516,0,1.0,0,0,0,0,0,0,0,0,1.0,2016-07-11,2516,0.2477,1,warn,['extreme_returns']
LULU,yfinance,2516,2016-07-11,2026-07-14,2516,0,1.0,0,0,0,0,0,0,0,0,1.0,2016-07-11,2516,0.2344,2,warn,['extreme_returns']
LUV,yfinance,2516,2016-07-11,2026-07-14,2516,0,1.0,0,0,0,0,0,1,0,0,1.0,2016-07-11,2516,0.187,0,warn,['ohlc_violation']
LYB,yfinance,2516,2016-07-11,2026-07-14,2516,0,1.0,0,0,0,0,0,0,0,0,1.0,2016-07-11,2516,0.2549,1,warn,['extreme_returns']
MCHP,yfinance,2516,2016-07-11,2026-07-14,2516,0,1.0,0,0,0,0,0,0,0,0,1.0,2016-07-11,2516,0.2705,2,warn,['extreme_returns']
MCK,yfinance,2516,2016-07-11,2026-07-14,2516,0,1.0,0,0,0,0,0,0,0,0,1.0,2016-07-11,2516,0.2267,1,warn,['extreme_returns']
META,yfinance,2516,2016-07-11,2026-07-14,2516,0,1.0,0,0,0,0,0,0,0,0,1.0,2016-07-11,2516,0.2639,4,warn,['extreme_returns']
MGM,yfinance,2516,2016-07-11,2026-07-14,2516,0,1.0,0,0,0,0,0,0,0,0,1.0,2016-07-11,2516,0.3361,4,warn,['extreme_returns']
MMM,yfinance,2516,2016-07-11,2026-07-14,2516,0,1.0,0,0,0,0,0,0,0,0,1.0,2016-07-11,2516,0.2299,1,warn,['extreme_returns']
MOS,yfinance,2516,2016-07-11,2026-07-14,2516,0,1.0,0,0,0,0,0,0,0,0,1.0,2016-07-11,2516,0.2751,1,warn,['extreme_returns']
MPC,yfinance,2516,2016-07-11,2026-07-14,2516,0,1.0,0,0,0,0,0,0,0,0,1.0,2016-07-11,2516,0.2701,2,warn,['extreme_returns']
MPWR,yfinance,2516,2016-07-11,2026-07-14,2516,0,1.0,0,0,0,0,0,0,0,0,1.0,2016-07-11,2516,0.2343,2,warn,['extreme_returns']
MRNA,yfinance,1908,2018-12-07,2026-07-14,1908,0,1.0,0,0,0,0,0,0,0,0,1.0,2018-12-07,1908,0.2781,6,warn,['extreme_returns']
MRVL,yfinance,2516,2016-07-11,2026-07-14,2516,0,1.0,0,0,0,0,0,0,0,0,1.0,2016-07-11,2516,0.3252,4,warn,['extreme_returns']
MTB,yfinance,2516,2016-07-11,2026-07-14,2516,0,1.0,0,0,0,0,0,0,0,0,1.0,2016-07-11,2516,0.251,1,warn,['extreme_returns']
NCLH,yfinance,2516,2016-07-11,2026-07-14,2516,0,1.0,0,0,0,0,0,0,0,0,1.0,2016-07-11,2516,0.4219,11,warn,['extreme_returns']
NFLX,yfinance,2516,2016-07-11,2026-07-14,2516,0,1.0,0,0,0,0,0,0,0,0,1.0,2016-07-11,2516,0.3512,2,warn,['extreme_returns']
NRG,yfinance,2516,2016-07-11,2026-07-14,2516,0,1.0,0,0,0,0,0,0,0,0,1.0,2016-07-11,2516,0.2939,2,warn,['extreme_returns']
NTAP,yfinance,2516,2016-07-11,2026-07-14,2516,0,1.0,0,0,0,0,0,0,0,0,1.0,2016-07-11,2516,0.2239,2,warn,['extreme_returns']
NTRS,yfinance,2516,2016-07-11,2026-07-14,2516,0,1.0,0,0,0,0,0,0,0,0,1.0,2016-07-11,2516,0.2064,1,warn,['extreme_returns']
NVDA,yfinance,2516,2016-07-11,2026-07-14,2516,0,1.0,0,0,0,0,0,0,0,0,1.0,2016-07-11,2516,0.2981,2,warn,['extreme_returns']
NVR,yfinance,2516,2016-07-11,2026-07-14,2516,0,1.0,0,0,0,0,0,1,0,0,1.0,2016-07-11,2516,0.2108,2,warn,"['ohlc_violation', 'extreme_returns']"
NXPI,yfinance,2516,2016-07-11,2026-07-14,2516,0,1.0,0,0,0,0,0,0,0,0,1.0,2016-07-11,2516,0.2555,2,warn,['extreme_returns']
O,yfinance,2516,2016-07-11,2026-07-14,2516,0,1.0,0,0,0,0,0,0,0,0,1.0,2016-07-11,2516,0.2493,2,warn,['extreme_returns']
OKE,yfinance,2516,2016-07-11,2026-07-14,2516,0,1.0,0,0,0,0,0,0,0,0,1.0,2016-07-11,2516,0.3776,4,warn,['extreme_returns']
ON,yfinance,2516,2016-07-11,2026-07-14,2516,0,1.0,0,0,0,0,0,0,0,0,1.0,2016-07-11,2516,0.2684,6,warn,['extreme_returns']
ORCL,yfinance,2516,2016-07-11,2026-07-14,2516,0,1.0,0,0,0,0,0,0,0,0,1.0,2016-07-11,2516,0.3595,2,warn,['extreme_returns']
OXY,yfinance,2516,2016-07-11,2026-07-14,2516,0,1.0,0,0,0,0,0,0,0,0,1.0,2016-07-11,2516,0.5343,3,warn,['extreme_returns']
PANW,yfinance,2516,2016-07-11,2026-07-14,2516,0,1.0,0,0,0,0,0,0,0,0,1.0,2016-07-11,2516,0.2844,2,warn,['extreme_returns']
PCG,yfinance,2516,2016-07-11,2026-07-14,2516,0,1.0,0,0,0,0,0,0,0,0,1.0,2016-07-11,2516,0.7459,16,warn,['extreme_returns']
PFG,yfinance,2516,2016-07-11,2026-07-14,2516,0,1.0,0,0,0,0,0,0,2,2,0.9992,2016-07-11,2514,0.2256,1,warn,"['halt_like_rows', 'extreme_returns']"
PHM,yfinance,2516,2016-07-11,2026-07-14,2516,0,1.0,0,0,0,0,0,0,0,0,1.0,2016-07-11,2516,0.2446,2,warn,['extreme_returns']
PKG,yfinance,2516,2016-07-11,2026-07-14,2516,0,1.0,0,0,0,0,0,1,0,0,1.0,2016-07-11,2516,0.1577,0,warn,['ohlc_violation']
PLTR,yfinance,1452,2020-09-30,2026-07-14,1452,0,1.0,0,0,0,0,0,0,0,0,1.0,2020-09-30,1452,0.308,10,warn,['extreme_returns']
PODD,yfinance,2516,2016-07-11,2026-07-14,2516,0,1.0,0,0,0,0,0,0,0,0,1.0,2016-07-11,2516,0.2258,3,warn,['extreme_returns']
PRU,yfinance,2516,2016-07-11,2026-07-14,2516,0,1.0,0,0,0,0,0,0,0,0,1.0,2016-07-11,2516,0.2104,2,warn,['extreme_returns']
PSKY,yfinance,2516,2016-07-11,2026-07-14,2516,0,1.0,0,0,0,0,0,0,0,0,1.0,2016-07-11,2516,0.3674,6,warn,['extreme_returns']
PSX,yfinance,2516,2016-07-11,2026-07-14,2516,0,1.0,0,0,0,0,0,0,0,0,1.0,2016-07-11,2516,0.2217,1,warn,['extreme_returns']
PTC,yfinance,2516,2016-07-11,2026-07-14,2516,0,1.0,0,0,0,0,0,0,0,0,1.0,2016-07-11,2516,0.2041,1,warn,['extreme_returns']
PYPL,yfinance,2516,2016-07-11,2026-07-14,2516,0,1.0,0,0,0,0,0,0,0,0,1.0,2016-07-11,2516,0.2459,2,warn,['extreme_returns']
QCOM,yfinance,2516,2016-07-11,2026-07-14,2516,0,1.0,0,0,0,0,0,0,0,0,1.0,2016-07-11,2516,0.2321,1,warn,['extreme_returns']
RCL,yfinance,2516,2016-07-11,2026-07-14,2516,0,1.0,0,0,0,0,0,0,0,0,1.0,2016-07-11,2516,0.3178,8,warn,['extreme_returns']
REG,yfinance,2516,2016-07-11,2026-07-14,2516,0,1.0,0,0,0,0,0,0,0,0,1.0,2016-07-11,2516,0.3498,2,warn,['extreme_returns']
RJF,yfinance,2516,2016-07-11,2026-07-14,2516,0,1.0,0,0,0,0,0,1,0,0,1.0,2016-07-11,2516,0.1894,0,warn,['ohlc_violation']
ROST,yfinance,2516,2016-07-11,2026-07-14,2516,0,1.0,0,0,0,0,0,0,0,0,1.0,2016-07-11,2516,0.2247,2,warn,['extreme_returns']
SBAC,yfinance,2516,2016-07-11,2026-07-14,2516,0,1.0,0,0,0,0,0,0,1,1,0.9996,2016-07-11,2515,0.1893,0,warn,['halt_like_rows']
SBUX,yfinance,2516,2016-07-11,2026-07-14,2516,0,1.0,0,0,0,0,0,0,0,0,1.0,2016-07-11,2516,0.245,1,warn,['extreme_returns']
SLB,yfinance,2516,2016-07-11,2026-07-14,2516,0,1.0,0,0,0,0,0,0,0,0,1.0,2016-07-11,2516,0.2742,1,warn,['extreme_returns']
SMCI,yfinance,2516,2016-07-11,2026-07-14,2516,0,1.0,0,0,0,0,0,0,0,0,1.0,2016-07-11,2516,0.4112,20,warn,['extreme_returns']
SNDK,yfinance,354,2025-02-13,2026-07-14,354,0,1.0,0,0,0,0,0,0,0,0,1.0,2025-02-13,354,0.2865,5,warn,['extreme_returns']
SNPS,yfinance,2516,2016-07-11,2026-07-14,2516,0,1.0,0,0,0,0,0,0,0,0,1.0,2016-07-11,2516,0.3584,1,warn,['extreme_returns']
SPG,yfinance,2516,2016-07-11,2026-07-14,2516,0,1.0,0,0,0,0,0,0,0,0,1.0,2016-07-11,2516,0.2787,4,warn,['extreme_returns']
STE,yfinance,2516,2016-07-11,2026-07-14,2516,0,1.0,0,0,0,0,0,1,0,0,1.0,2016-07-11,2516,0.1159,0,warn,['ohlc_violation']
STT,yfinance,2516,2016-07-11,2026-07-14,2516,0,1.0,0,0,0,0,0,0,0,0,1.0,2016-07-11,2516,0.2232,1,warn,['extreme_returns']
STX,yfinance,2516,2016-07-11,2026-07-14,2516,0,1.0,0,0,0,0,0,0,0,0,1.0,2016-07-11,2516,0.2183,1,warn,['extreme_returns']
SWK,yfinance,2516,2016-07-11,2026-07-14,2516,0,1.0,0,0,0,0,0,0,0,0,1.0,2016-07-11,2516,0.2532,2,warn,['extreme_returns']
SWKS,yfinance,2516,2016-07-11,2026-07-14,2516,0,1.0,0,0,0,0,0,0,0,0,1.0,2016-07-11,2516,0.2467,2,warn,['extreme_returns']
SYF,yfinance,2516,2016-07-11,2026-07-14,2516,0,1.0,0,0,0,0,0,0,0,0,1.0,2016-07-11,2516,0.2603,2,warn,['extreme_returns']
SYY,yfinance,2516,2016-07-11,2026-07-14,2516,0,1.0,0,0,0,0,0,0,0,0,1.0,2016-07-11,2516,0.2111,1,warn,['extreme_returns']
TDG,yfinance,2516,2016-07-11,2026-07-14,2516,0,1.0,0,0,0,0,0,0,0,0,1.0,2016-07-11,2516,0.244,2,warn,['extreme_returns']
TDY,yfinance,2516,2016-07-11,2026-07-14,2516,0,1.0,0,0,0,0,0,0,0,0,1.0,2016-07-11,2516,0.2289,1,warn,['extreme_returns']
TECH,yfinance,2516,2016-07-11,2026-07-14,2516,0,1.0,0,0,0,0,0,0,0,0,1.0,2016-07-11,2516,0.2007,1,warn,['extreme_returns']
TER,yfinance,2516,2016-07-11,2026-07-14,2516,0,1.0,0,0,0,0,0,0,0,0,1.0,2016-07-11,2516,0.2241,3,warn,['extreme_returns']
TGT,yfinance,2516,2016-07-11,2026-07-14,2516,0,1.0,0,0,0,0,0,0,0,0,1.0,2016-07-11,2516,0.2493,3,warn,['extreme_returns']
TJX,yfinance,2516,2016-07-11,2026-07-14,2516,0,1.0,0,0,0,0,0,0,0,0,1.0,2016-07-11,2516,0.204,1,warn,['extreme_returns']
TKO,yfinance,2516,2016-07-11,2026-07-14,2516,0,1.0,0,0,0,0,0,1,0,0,1.0,2016-07-11,2516,0.2154,1,warn,"['ohlc_violation', 'extreme_returns']"
TPL,yfinance,2516,2016-07-11,2026-07-14,2516,0,1.0,0,0,0,0,0,0,0,0,1.0,2016-07-11,2516,0.2614,3,warn,['extreme_returns']
TPR,yfinance,2516,2016-07-11,2026-07-14,2516,0,1.0,0,0,0,0,0,0,0,0,1.0,2016-07-11,2516,0.2968,3,warn,['extreme_returns']
TRGP,yfinance,2516,2016-07-11,2026-07-14,2516,0,1.0,0,0,0,0,0,0,0,0,1.0,2016-07-11,2516,0.5291,6,warn,['extreme_returns']
TRV,yfinance,2516,2016-07-11,2026-07-14,2516,0,1.0,0,0,0,0,0,0,0,0,1.0,2016-07-11,2516,0.208,1,warn,['extreme_returns']
TSLA,yfinance,2516,2016-07-11,2026-07-14,2516,0,1.0,0,0,0,0,0,0,0,0,1.0,2016-07-11,2516,0.2269,3,warn,['extreme_returns']
TSN,yfinance,2516,2016-07-11,2026-07-14,2516,0,1.0,0,0,0,0,0,0,0,0,1.0,2016-07-11,2516,0.227,1,warn,['extreme_returns']
TTD,yfinance,2465,2016-09-21,2026-07-14,2465,0,1.0,0,0,0,0,0,0,0,0,1.0,2016-09-21,2465,0.4339,12,warn,['extreme_returns']
UAL,yfinance,2516,2016-07-11,2026-07-14,2516,0,1.0,0,0,0,0,0,0,0,0,1.0,2016-07-11,2516,0.3029,5,warn,['extreme_returns']
UBER,yfinance,1803,2019-05-10,2026-07-14,1803,0,1.0,0,0,0,0,0,0,0,0,1.0,2019-05-10,1803,0.3826,2,warn,['extreme_returns']
UDR,yfinance,2516,2016-07-11,2026-07-14,2516,0,1.0,0,0,0,0,0,1,0,0,1.0,2016-07-11,2516,0.1755,0,warn,['ohlc_violation']
UHS,yfinance,2516,2016-07-11,2026-07-14,2516,0,1.0,0,0,0,0,0,0,0,0,1.0,2016-07-11,2516,0.2534,2,warn,['extreme_returns']
ULTA,yfinance,2516,2016-07-11,2026-07-14,2516,0,1.0,0,0,0,0,0,0,0,0,1.0,2016-07-11,2516,0.2955,4,warn,['extreme_returns']
UNH,yfinance,2516,2016-07-11,2026-07-14,2516,0,1.0,0,0,0,0,0,0,0,0,1.0,2016-07-11,2516,0.2238,1,warn,['extreme_returns']
UNP,yfinance,2516,2016-07-11,2026-07-14,2516,0,1.0,0,0,0,0,0,1,0,0,1.0,2016-07-11,2516,0.1303,0,warn,['ohlc_violation']
URI,yfinance,2516,2016-07-11,2026-07-14,2516,0,1.0,0,0,0,0,0,0,0,0,1.0,2016-07-11,2516,0.2292,2,warn,['extreme_returns']
VICI,yfinance,2143,2018-01-02,2026-07-14,2143,0,1.0,0,0,0,0,0,0,0,0,1.0,2018-01-02,2143,0.2864,2,warn,['extreme_returns']
VLO,yfinance,2516,2016-07-11,2026-07-14,2516,0,1.0,0,0,0,0,0,0,0,0,1.0,2016-07-11,2516,0.312,1,warn,['extreme_returns']
VRT,yfinance,1996,2018-08-02,2026-07-14,1996,0,1.0,0,0,0,0,0,0,12,12,0.994,2018-08-02,1984,0.3674,6,warn,"['halt_like_rows', 'extreme_returns']"
VRTX,yfinance,2516,2016-07-11,2026-07-14,2516,0,1.0,0,0,0,0,0,0,0,0,1.0,2016-07-11,2516,0.2083,4,warn,['extreme_returns']
VST,yfinance,2455,2016-10-05,2026-07-14,2455,0,1.0,0,0,0,0,0,0,1,1,0.9996,2016-10-05,2454,0.2827,2,warn,"['halt_like_rows', 'extreme_returns']"
VTR,yfinance,2516,2016-07-11,2026-07-14,2516,0,1.0,0,0,0,0,0,0,0,0,1.0,2016-07-11,2516,0.2859,3,warn,['extreme_returns']
VTRS,yfinance,2516,2016-07-11,2026-07-14,2516,0,1.0,0,0,0,0,0,0,0,0,1.0,2016-07-11,2516,0.2428,2,warn,['extreme_returns']
WBD,yfinance,2516,2016-07-11,2026-07-14,2516,0,1.0,0,0,0,0,0,0,0,0,1.0,2016-07-11,2516,0.2895,3,warn,['extreme_returns']
WDC,yfinance,2516,2016-07-11,2026-07-14,2516,0,1.0,0,0,0,0,0,0,0,0,1.0,2016-07-11,2516,0.2044,1,warn,['extreme_returns']
WELL,yfinance,2516,2016-07-11,2026-07-14,2516,0,1.0,0,0,0,0,0,0,0,0,1.0,2016-07-11,2516,0.244,3,warn,['extreme_returns']
WMB,yfinance,2516,2016-07-11,2026-07-14,2516,0,1.0,0,0,0,0,0,0,0,0,1.0,2016-07-11,2516,0.2374,1,warn,['extreme_returns']
WSM,yfinance,2516,2016-07-11,2026-07-14,2516,0,1.0,0,0,0,0,0,0,0,0,1.0,2016-07-11,2516,0.2754,4,warn,['extreme_returns']
WST,yfinance,2516,2016-07-11,2026-07-14,2516,0,1.0,0,0,0,0,0,0,0,0,1.0,2016-07-11,2516,0.3822,2,warn,['extreme_returns']
WY,yfinance,2516,2016-07-11,2026-07-14,2516,0,1.0,0,0,0,0,0,0,0,0,1.0,2016-07-11,2516,0.2532,2,warn,['extreme_returns']
WYNN,yfinance,2516,2016-07-11,2026-07-14,2516,0,1.0,0,0,0,0,0,0,0,0,1.0,2016-07-11,2516,0.2769,3,warn,['extreme_returns']
XEL,yfinance,2516,2016-07-11,2026-07-14,2516,0,1.0,0,0,0,0,0,0,1,1,0.9996,2016-07-11,2515,0.1269,0,warn,['halt_like_rows']
XYZ,yfinance,2516,2016-07-11,2026-07-14,2516,0,1.0,0,0,0,0,0,0,0,0,1.0,2016-07-11,2516,0.2856,3,warn,['extreme_returns']
YUM,yfinance,2516,2016-07-11,2026-07-14,2516,0,1.0,0,0,0,0,0,0,0,0,1.0,2016-07-11,2516,0.2325,1,warn,['extreme_returns']
ZBH,yfinance,2516,2016-07-11,2026-07-14,2516,0,1.0,0,0,0,0,0,1,0,0,1.0,2016-07-11,2516,0.1558,0,warn,['ohlc_violation']
ZTS,yfinance,2516,2016-07-11,2026-07-14,2516,0,1.0,0,0,0,0,0,0,0,0,1.0,2016-07-11,2516,0.215,1,warn,['extreme_returns']
